Date,Location,TMAX,TMIN
2024/1/1,CHICAGO,34,29
2024/1/2,CHICAGO,41,28
2024/1/3,CHICAGO,37,32
2024/1/4,CHICAGO,38,28
2024/1/5,CHICAGO,37,28
2024/1/6,CHICAGO,35,31
2024/1/7,CHICAGO,35,33
2024/1/8,CHICAGO,38,32
2024/1/9,CHICAGO,37,34
2024/1/10,CHICAGO,35,31
2024/1/11,CHICAGO,35,28
2024/1/12,CHICAGO,38,31
2024/1/13,CHICAGO,34,2
2024/1/14,CHICAGO,2,-9
2024/1/15,CHICAGO,4,-9
2024/1/16,CHICAGO,5,-5
2024/1/17,CHICAGO,23,4
2024/1/18,CHICAGO,28,13
2024/1/19,CHICAGO,16,6
2024/1/20,CHICAGO,20,5
2024/1/21,CHICAGO,22,2
2024/1/22,CHICAGO,35,22
2024/1/23,CHICAGO,38,34
2024/1/24,CHICAGO,40,34
2024/1/25,CHICAGO,42,38
2024/1/26,CHICAGO,42,39
2024/1/27,CHICAGO,42,38
2024/1/28,CHICAGO,41,35
2024/1/29,CHICAGO,40,31
2024/1/30,CHICAGO,42,37
2024/1/31,CHICAGO,40,37
2024/2/1,CHICAGO,56,36
2024/2/2,CHICAGO,43,33
2024/2/3,CHICAGO,40,31
2024/2/4,CHICAGO,47,32
2024/2/5,CHICAGO,44,33
2024/2/6,CHICAGO,43,33
2024/2/7,CHICAGO,48,30
2024/2/8,CHICAGO,60,47
2024/2/9,CHICAGO,58,38
2024/2/10,CHICAGO,43,33
2024/2/11,CHICAGO,43,29
2024/2/12,CHICAGO,46,25
2024/2/13,CHICAGO,42,30
2024/2/14,CHICAGO,48,27
2024/2/15,CHICAGO,46,32
2024/2/16,CHICAGO,33,22
2024/2/17,CHICAGO,30,14
2024/2/18,CHICAGO,47,24
2024/2/19,CHICAGO,52,26
2024/2/20,CHICAGO,58,32
2024/2/21,CHICAGO,68,46
2024/2/22,CHICAGO,61,46
2024/2/23,CHICAGO,52,29
2024/2/24,CHICAGO,36,24
2024/2/25,CHICAGO,62,32
2024/2/26,CHICAGO,72,42
2024/2/27,CHICAGO,74,53
2024/2/28,CHICAGO,53,23
2024/2/29,CHICAGO,46,20
2024/3/1,CHICAGO,47,32
2024/3/2,CHICAGO,60,37
2024/3/3,CHICAGO,74,45
2024/3/4,CHICAGO,72,45
2024/3/5,CHICAGO,45,40
2024/3/6,CHICAGO,50,40
2024/3/7,CHICAGO,50,39
2024/3/8,CHICAGO,47,41
2024/3/9,CHICAGO,47,34
2024/3/10,CHICAGO,49,31
2024/3/11,CHICAGO,68,33
2024/3/12,CHICAGO,72,48
2024/3/13,CHICAGO,69,48
2024/3/14,CHICAGO,67,42
2024/3/15,CHICAGO,52,38
2024/3/16,CHICAGO,60,40
2024/3/17,CHICAGO,43,31
2024/3/18,CHICAGO,37,26
2024/3/19,CHICAGO,59,30
2024/3/20,CHICAGO,45,31
2024/3/21,CHICAGO,41,28
2024/3/22,CHICAGO,40,31
2024/3/23,CHICAGO,40,32
2024/3/24,CHICAGO,50,33
2024/3/25,CHICAGO,66,47
2024/3/26,CHICAGO,58,34
2024/3/27,CHICAGO,44,30
2024/3/28,CHICAGO,52,31
2024/3/29,CHICAGO,53,36
2024/3/30,CHICAGO,64,41
2024/3/31,CHICAGO,51,40
2024/4/1,CHICAGO,51,44
2024/4/2,CHICAGO,62,37
2024/4/3,CHICAGO,40,35
2024/4/4,CHICAGO,43,38
2024/4/5,CHICAGO,50,37
2024/4/6,CHICAGO,53,33
2024/4/7,CHICAGO,52,40
2024/4/8,CHICAGO,73,48
2024/4/9,CHICAGO,64,50
2024/4/10,CHICAGO,68,44
2024/4/11,CHICAGO,58,50
2024/4/12,CHICAGO,65,46
2024/4/13,CHICAGO,71,43
2024/4/14,CHICAGO,81,58
2024/4/15,CHICAGO,74,50
2024/4/16,CHICAGO,81,53
2024/4/17,CHICAGO,70,54
2024/4/18,CHICAGO,60,47
2024/4/19,CHICAGO,58,43
2024/4/20,CHICAGO,49,36
2024/4/21,CHICAGO,59,35
2024/4/22,CHICAGO,68,42
2024/4/23,CHICAGO,64,43
2024/4/24,CHICAGO,47,37
2024/4/25,CHICAGO,57,34
2024/4/26,CHICAGO,64,45
2024/4/27,CHICAGO,79,60
2024/4/28,CHICAGO,77,62
2024/4/29,CHICAGO,70,54
2024/4/30,CHICAGO,75,50
2024/5/1,CHICAGO,78,60
2024/5/2,CHICAGO,82,57
2024/5/3,CHICAGO,68,53
2024/5/4,CHICAGO,82,51
2024/5/5,CHICAGO,65,52
2024/5/6,CHICAGO,71,50
2024/5/7,CHICAGO,77,60
2024/5/8,CHICAGO,78,54
2024/5/9,CHICAGO,65,51
2024/5/10,CHICAGO,69,48
2024/5/11,CHICAGO,71,52
2024/5/12,CHICAGO,84,51
2024/5/13,CHICAGO,82,62
2024/5/14,CHICAGO,64,53
2024/5/15,CHICAGO,70,54
2024/5/16,CHICAGO,76,52
2024/5/17,CHICAGO,81,60
2024/5/18,CHICAGO,87,61
2024/5/19,CHICAGO,77,63
2024/5/20,CHICAGO,85,63
2024/5/21,CHICAGO,91,63
2024/5/22,CHICAGO,81,64
2024/5/23,CHICAGO,80,57
2024/5/24,CHICAGO,79,66
2024/5/25,CHICAGO,74,59
2024/5/26,CHICAGO,75,59
2024/5/27,CHICAGO,75,59
2024/5/28,CHICAGO,73,56
2024/5/29,CHICAGO,71,53
2024/5/30,CHICAGO,71,49
2024/5/31,CHICAGO,81,54
2024/6/1,CHICAGO,69,61
2024/6/2,CHICAGO,76,60
2024/6/3,CHICAGO,89,61
2024/6/4,CHICAGO,87,71
2024/6/5,CHICAGO,81,69
2024/6/6,CHICAGO,80,65
2024/6/7,CHICAGO,80,60
2024/6/8,CHICAGO,80,56
2024/6/9,CHICAGO,82,55
2024/6/10,CHICAGO,69,55
2024/6/11,CHICAGO,79,50
2024/6/12,CHICAGO,92,68
2024/6/13,CHICAGO,91,73
2024/6/14,CHICAGO,87,65
2024/6/15,CHICAGO,86,62
2024/6/16,CHICAGO,96,71
2024/6/17,CHICAGO,97,79
2024/6/18,CHICAGO,95,79
2024/6/19,CHICAGO,95,78
2024/6/20,CHICAGO,86,67
2024/6/21,CHICAGO,95,68
2024/6/22,CHICAGO,95,73
2024/6/23,CHICAGO,83,71
2024/6/24,CHICAGO,88,67
2024/6/25,CHICAGO,85,73
2024/6/26,CHICAGO,87,66
2024/6/27,CHICAGO,73,63
2024/6/28,CHICAGO,76,67
2024/6/29,CHICAGO,89,73
2024/6/30,CHICAGO,73,61
2024/7/1,CHICAGO,74,60
2024/7/2,CHICAGO,86,67
2024/7/3,CHICAGO,90,75
2024/7/4,CHICAGO,84,72
2024/7/5,CHICAGO,85,70
2024/7/6,CHICAGO,81,65
2024/7/7,CHICAGO,89,67
2024/7/8,CHICAGO,87,71
2024/7/9,CHICAGO,80,69
2024/7/10,CHICAGO,84,67
2024/7/11,CHICAGO,81,69
2024/7/12,CHICAGO,85,67
2024/7/13,CHICAGO,92,68
2024/7/14,CHICAGO,89,69
2024/7/15,CHICAGO,91,70
2024/7/16,CHICAGO,87,70
2024/7/17,CHICAGO,84,69
2024/7/18,CHICAGO,75,65
2024/7/19,CHICAGO,80,61
2024/7/20,CHICAGO,81,64
2024/7/21,CHICAGO,84,67
2024/7/22,CHICAGO,84,67
2024/7/23,CHICAGO,86,67
2024/7/24,CHICAGO,77,67
2024/7/25,CHICAGO,78,66
2024/7/26,CHICAGO,81,61
2024/7/27,CHICAGO,86,67
2024/7/28,CHICAGO,83,70
2024/7/29,CHICAGO,85,73
2024/7/30,CHICAGO,92,71
2024/7/31,CHICAGO,92,73
2024/8/1,CHICAGO,89,70
2024/8/2,CHICAGO,87,70
2024/8/3,CHICAGO,91,72
2024/8/4,CHICAGO,90,72
2024/8/5,CHICAGO,92,75
2024/8/6,CHICAGO,79,70
2024/8/7,CHICAGO,78,69
2024/8/8,CHICAGO,85,64
2024/8/9,CHICAGO,74,61
2024/8/10,CHICAGO,76,57
2024/8/11,CHICAGO,80,59
2024/8/12,CHICAGO,81,61
2024/8/13,CHICAGO,86,64
2024/8/14,CHICAGO,86,66
2024/8/15,CHICAGO,77,69
2024/8/16,CHICAGO,88,68
2024/8/17,CHICAGO,83,70
2024/8/18,CHICAGO,79,68
2024/8/19,CHICAGO,77,64
2024/8/20,CHICAGO,73,60
2024/8/21,CHICAGO,76,57
2024/8/22,CHICAGO,80,56
2024/8/23,CHICAGO,82,61
2024/8/24,CHICAGO,91,64
2024/8/25,CHICAGO,92,74
2024/8/26,CHICAGO,95,77
2024/8/27,CHICAGO,99,75
2024/8/28,CHICAGO,87,73
2024/8/29,CHICAGO,85,73
2024/8/30,CHICAGO,87,72
2024/8/31,CHICAGO,85,63
2024/9/1,CHICAGO,77,64
2024/9/2,CHICAGO,75,61
2024/9/3,CHICAGO,78,60
2024/9/4,CHICAGO,84,60
2024/9/5,CHICAGO,87,66
2024/9/6,CHICAGO,73,60
2024/9/7,CHICAGO,67,51
2024/9/8,CHICAGO,73,49
2024/9/9,CHICAGO,82,57
2024/9/10,CHICAGO,83,58
2024/9/11,CHICAGO,88,59
2024/9/12,CHICAGO,87,65
2024/9/13,CHICAGO,85,68
2024/9/14,CHICAGO,87,69
2024/9/15,CHICAGO,89,69
2024/9/16,CHICAGO,90,67
2024/9/17,CHICAGO,85,62
2024/9/18,CHICAGO,89,64
2024/9/19,CHICAGO,90,63
2024/9/20,CHICAGO,92,71
2024/9/21,CHICAGO,93,65
2024/9/22,CHICAGO,77,65
2024/9/23,CHICAGO,68,63
2024/9/24,CHICAGO,68,63
2024/9/25,CHICAGO,78,58
2024/9/26,CHICAGO,77,57
2024/9/27,CHICAGO,73,68
2024/9/28,CHICAGO,73,66
2024/9/29,CHICAGO,74,69
2024/9/30,CHICAGO,78,64
2024/10/1,CHICAGO,71,56
2024/10/2,CHICAGO,72,49
2024/10/3,CHICAGO,80,53
2024/10/4,CHICAGO,72,61
2024/10/5,CHICAGO,86,60
2024/10/6,CHICAGO,75,55
2024/10/7,CHICAGO,69,50
2024/10/8,CHICAGO,74,50
2024/10/9,CHICAGO,70,53
2024/10/10,CHICAGO,72,55
2024/10/11,CHICAGO,84,54
2024/10/12,CHICAGO,70,59
2024/10/13,CHICAGO,68,50
2024/10/14,CHICAGO,58,44
2024/10/15,CHICAGO,49,43
2024/10/16,CHICAGO,58,38
2024/10/17,CHICAGO,65,38
2024/10/18,CHICAGO,69,45
2024/10/19,CHICAGO,72,44
2024/10/20,CHICAGO,79,49
2024/10/21,CHICAGO,82,53
2024/10/22,CHICAGO,75,55
2024/10/23,CHICAGO,65,46
2024/10/24,CHICAGO,65,42
2024/10/25,CHICAGO,68,48
2024/10/26,CHICAGO,59,45
2024/10/27,CHICAGO,59,40
2024/10/28,CHICAGO,68,45
2024/10/29,CHICAGO,83,68
2024/10/30,CHICAGO,81,69
2024/10/31,CHICAGO,72,44
2024/11/1,CHICAGO,54,39
2024/11/2,CHICAGO,59,41
2024/11/3,CHICAGO,65,50
2024/11/4,CHICAGO,69,64
2024/11/5,CHICAGO,68,61
2024/11/6,CHICAGO,61,51
2024/11/7,CHICAGO,60,45
2024/11/8,CHICAGO,64,43
2024/11/9,CHICAGO,56,48
2024/11/10,CHICAGO,64,50
2024/11/11,CHICAGO,59,45
2024/11/12,CHICAGO,50,42
2024/11/13,CHICAGO,53,39
2024/11/14,CHICAGO,55,49
2024/11/15,CHICAGO,55,45
2024/11/16,CHICAGO,53,44
2024/11/17,CHICAGO,60,47
2024/11/18,CHICAGO,62,51
2024/11/19,CHICAGO,65,47
2024/11/20,CHICAGO,50,34
2024/11/21,CHICAGO,40,31
2024/11/22,CHICAGO,48,36
2024/11/23,CHICAGO,45,38
2024/11/24,CHICAGO,54,38
2024/11/25,CHICAGO,55,37
2024/11/26,CHICAGO,40,27
2024/11/27,CHICAGO,44,36
2024/11/28,CHICAGO,39,28
2024/11/29,CHICAGO,29,19
2024/11/30,CHICAGO,26,15
2024/12/1,CHICAGO,28,14
2024/12/2,CHICAGO,28,14
2024/12/3,CHICAGO,32,18
2024/12/4,CHICAGO,40,18
2024/12/5,CHICAGO,29,13
2024/12/6,CHICAGO,33,15
2024/12/7,CHICAGO,51,25
2024/12/8,CHICAGO,57,40
2024/12/9,CHICAGO,55,45
2024/12/10,CHICAGO,45,31
2024/12/11,CHICAGO,33,13
2024/12/12,CHICAGO,16,5
2024/12/13,CHICAGO,28,9
2024/12/14,CHICAGO,41,26
2024/12/15,CHICAGO,46,40
2024/12/16,CHICAGO,54,37
2024/12/17,CHICAGO,39,33
2024/12/18,CHICAGO,37,27
2024/12/19,CHICAGO,34,27
2024/12/20,CHICAGO,36,24
2024/12/21,CHICAGO,29,17
2024/12/22,CHICAGO,34,17
2024/12/23,CHICAGO,42,33
2024/12/24,CHICAGO,39,35
2024/12/25,CHICAGO,39,34
2024/12/26,CHICAGO,49,39
2024/12/27,CHICAGO,54,47
2024/12/28,CHICAGO,53,45
2024/12/29,CHICAGO,49,38
2024/12/30,CHICAGO,42,34
2024/12/31,CHICAGO,43,35
2024/1/1,DEATH VALLEY,66,44
2024/1/2,DEATH VALLEY,62,41
2024/1/3,DEATH VALLEY,69,44
2024/1/4,DEATH VALLEY,71,42
2024/1/5,DEATH VALLEY,70,47
2024/1/6,DEATH VALLEY,61,44
2024/1/7,DEATH VALLEY,62,48
2024/1/8,DEATH VALLEY,63,46
2024/1/9,DEATH VALLEY,53,37
2024/1/10,DEATH VALLEY,69,44
2024/1/11,DEATH VALLEY,62,38
2024/1/12,DEATH VALLEY,55,35
2024/1/13,DEATH VALLEY,59,32
2024/1/14,DEATH VALLEY,64,36
2024/1/15,DEATH VALLEY,59,37
2024/1/16,DEATH VALLEY,62,34
2024/1/17,DEATH VALLEY,62,40
2024/1/18,DEATH VALLEY,63,38
2024/1/19,DEATH VALLEY,68,43
2024/1/20,DEATH VALLEY,66,46
2024/1/21,DEATH VALLEY,68,53
2024/1/22,DEATH VALLEY,59,55
2024/1/23,DEATH VALLEY,69,53
2024/1/24,DEATH VALLEY,64,48
2024/1/25,DEATH VALLEY,70,48
2024/1/26,DEATH VALLEY,74,51
2024/1/27,DEATH VALLEY,71,46
2024/1/28,DEATH VALLEY,74,47
2024/1/29,DEATH VALLEY,76,49
2024/1/30,DEATH VALLEY,77,48
2024/1/31,DEATH VALLEY,73,50
2024/2/1,DEATH VALLEY,73,51
2024/2/2,DEATH VALLEY,67,50
2024/2/3,DEATH VALLEY,68,47
2024/2/4,DEATH VALLEY,58,52
2024/2/5,DEATH VALLEY,58,51
2024/2/6,DEATH VALLEY,58,51
2024/2/7,DEATH VALLEY,64,49
2024/2/8,DEATH VALLEY,62,48
2024/2/9,DEATH VALLEY,61,45
2024/2/10,DEATH VALLEY,66,49
2024/2/11,DEATH VALLEY,65,46
2024/2/12,DEATH VALLEY,65,42
2024/2/13,DEATH VALLEY,66,42
2024/2/14,DEATH VALLEY,66,45
2024/2/15,DEATH VALLEY,73,48
2024/2/16,DEATH VALLEY,71,48
2024/2/17,DEATH VALLEY,74,52
2024/2/18,DEATH VALLEY,75,56
2024/2/19,DEATH VALLEY,76,60
2024/2/20,DEATH VALLEY,72,60
2024/2/21,DEATH VALLEY,74,53
2024/2/22,DEATH VALLEY,75,52
2024/2/23,DEATH VALLEY,78,53
2024/2/24,DEATH VALLEY,78,54
2024/2/25,DEATH VALLEY,77,51
2024/2/26,DEATH VALLEY,78,54
2024/2/27,DEATH VALLEY,78,58
2024/2/28,DEATH VALLEY,79,56
2024/2/29,DEATH VALLEY,81,50
2024/3/1,DEATH VALLEY,78,62
2024/3/2,DEATH VALLEY,76,63
2024/3/3,DEATH VALLEY,76,59
2024/3/4,DEATH VALLEY,74,56
2024/3/5,DEATH VALLEY,74,53
2024/3/6,DEATH VALLEY,77,50
2024/3/7,DEATH VALLEY,79,61
2024/3/8,DEATH VALLEY,80,60
2024/3/9,DEATH VALLEY,76,49
2024/3/10,DEATH VALLEY,73,50
2024/3/11,DEATH VALLEY,79,54
2024/3/12,DEATH VALLEY,77,63
2024/3/13,DEATH VALLEY,81,59
2024/3/14,DEATH VALLEY,77,57
2024/3/15,DEATH VALLEY,68,57
2024/3/16,DEATH VALLEY,66,53
2024/3/17,DEATH VALLEY,76,53
2024/3/18,DEATH VALLEY,90,54
2024/3/19,DEATH VALLEY,87,58
2024/3/20,DEATH VALLEY,88,57
2024/3/21,DEATH VALLEY,89,62
2024/3/22,DEATH VALLEY,88,69
2024/3/23,DEATH VALLEY,82,63
2024/3/24,DEATH VALLEY,73,58
2024/3/25,DEATH VALLEY,77,55
2024/3/26,DEATH VALLEY,81,60
2024/3/27,DEATH VALLEY,85,57
2024/3/28,DEATH VALLEY,87,68
2024/3/29,DEATH VALLEY,80,63
2024/3/30,DEATH VALLEY,65,54
2024/3/31,DEATH VALLEY,74,49
2024/4/1,DEATH VALLEY,81,52
2024/4/2,DEATH VALLEY,88,64
2024/4/3,DEATH VALLEY,89,58
2024/4/4,DEATH VALLEY,85,59
2024/4/5,DEATH VALLEY,70,54
2024/4/6,DEATH VALLEY,73,51
2024/4/7,DEATH VALLEY,73,51
2024/4/8,DEATH VALLEY,85,63
2024/4/9,DEATH VALLEY,89,65
2024/4/10,DEATH VALLEY,93,59
2024/4/11,DEATH VALLEY,96,65
2024/4/12,DEATH VALLEY,98,65
2024/4/13,DEATH VALLEY,86,68
2024/4/14,DEATH VALLEY,77,59
2024/4/15,DEATH VALLEY,82,53
2024/4/16,DEATH VALLEY,92,59
2024/4/17,DEATH VALLEY,96,67
2024/4/18,DEATH VALLEY,95,69
2024/4/19,DEATH VALLEY,97,71
2024/4/20,DEATH VALLEY,101,72
2024/4/21,DEATH VALLEY,103,71
2024/4/22,DEATH VALLEY,105,72
2024/4/23,DEATH VALLEY,99,79
2024/4/24,DEATH VALLEY,94,73
2024/4/25,DEATH VALLEY,92,71
2024/4/26,DEATH VALLEY,79,62
2024/4/27,DEATH VALLEY,91,65
2024/4/28,DEATH VALLEY,94,68
2024/4/29,DEATH VALLEY,95,75
2024/4/30,DEATH VALLEY,98,70
2024/5/1,DEATH VALLEY,96,76
2024/5/2,DEATH VALLEY,96,70
2024/5/3,DEATH VALLEY,99,70
2024/5/4,DEATH VALLEY,93,71
2024/5/5,DEATH VALLEY,83,66
2024/5/6,DEATH VALLEY,88,58
2024/5/7,DEATH VALLEY,96,63
2024/5/8,DEATH VALLEY,87,69
2024/5/9,DEATH VALLEY,94,68
2024/5/10,DEATH VALLEY,93,71
2024/5/11,DEATH VALLEY,100,71
2024/5/12,DEATH VALLEY,105,75
2024/5/13,DEATH VALLEY,,
2024/5/14,DEATH VALLEY,106,83
2024/5/15,DEATH VALLEY,108,80
2024/5/16,DEATH VALLEY,110,83
2024/5/17,DEATH VALLEY,109,86
2024/5/18,DEATH VALLEY,105,86
2024/5/19,DEATH VALLEY,104,82
2024/5/20,DEATH VALLEY,100,80
2024/5/21,DEATH VALLEY,96,78
2024/5/22,DEATH VALLEY,104,74
2024/5/23,DEATH VALLEY,101,77
2024/5/24,DEATH VALLEY,101,80
2024/5/25,DEATH VALLEY,88,75
2024/5/26,DEATH VALLEY,101,76
2024/5/27,DEATH VALLEY,107,81
2024/5/28,DEATH VALLEY,108,86
2024/5/29,DEATH VALLEY,106,83
2024/5/30,DEATH VALLEY,110,85
2024/5/31,DEATH VALLEY,112,86
2024/6/1,DEATH VALLEY,110,89
2024/6/2,DEATH VALLEY,107,85
2024/6/3,DEATH VALLEY,110,86
2024/6/4,DEATH VALLEY,114,86
2024/6/5,DEATH VALLEY,118,89
2024/6/6,DEATH VALLEY,122,90
2024/6/7,DEATH VALLEY,118,97
2024/6/8,DEATH VALLEY,115,94
2024/6/9,DEATH VALLEY,112,89
2024/6/10,DEATH VALLEY,111,87
2024/6/11,DEATH VALLEY,118,87
2024/6/12,DEATH VALLEY,117,86
2024/6/13,DEATH VALLEY,112,92
2024/6/14,DEATH VALLEY,116,90
2024/6/15,DEATH VALLEY,115,92
2024/6/16,DEATH VALLEY,111,86
2024/6/17,DEATH VALLEY,111,87
2024/6/18,DEATH VALLEY,100,
2024/6/19,DEATH VALLEY,108,77
2024/6/20,DEATH VALLEY,113,89
2024/6/21,DEATH VALLEY,113,90
2024/6/22,DEATH VALLEY,120,85
2024/6/23,DEATH VALLEY,121,95
2024/6/24,DEATH VALLEY,,97
2024/6/25,DEATH VALLEY,120,
2024/6/26,DEATH VALLEY,120,100
2024/6/27,DEATH VALLEY,120,95
2024/6/28,DEATH VALLEY,114,90
2024/6/29,DEATH VALLEY,117,93
2024/6/30,DEATH VALLEY,118,94
2024/7/1,DEATH VALLEY,114,92
2024/7/2,DEATH VALLEY,119,89
2024/7/3,DEATH VALLEY,122,91
2024/7/4,DEATH VALLEY,125,92
2024/7/5,DEATH VALLEY,127,96
2024/7/6,DEATH VALLEY,128,95
2024/7/7,DEATH VALLEY,129,94
2024/7/8,DEATH VALLEY,126,98
2024/7/9,DEATH VALLEY,127,99
2024/7/10,DEATH VALLEY,128,96
2024/7/11,DEATH VALLEY,127,98
2024/7/12,DEATH VALLEY,126,98
2024/7/13,DEATH VALLEY,123,90
2024/7/14,DEATH VALLEY,121,91
2024/7/15,DEATH VALLEY,119,92
2024/7/16,DEATH VALLEY,120,97
2024/7/17,DEATH VALLEY,121,97
2024/7/18,DEATH VALLEY,122,101
2024/7/19,DEATH VALLEY,121,96
2024/7/20,DEATH VALLEY,123,98
2024/7/21,DEATH VALLEY,124,99
2024/7/22,DEATH VALLEY,124,102
2024/7/23,DEATH VALLEY,120,97
2024/7/24,DEATH VALLEY,121,99
2024/7/25,DEATH VALLEY,124,97
2024/7/26,DEATH VALLEY,120,100
2024/7/27,DEATH VALLEY,120,95
2024/7/28,DEATH VALLEY,114,91
2024/7/29,DEATH VALLEY,115,90
2024/7/30,DEATH VALLEY,111,91
2024/7/31,DEATH VALLEY,117,89
2024/8/1,DEATH VALLEY,119,86
2024/8/2,DEATH VALLEY,116,100
2024/8/3,DEATH VALLEY,119,98
2024/8/4,DEATH VALLEY,121,97
2024/8/5,DEATH VALLEY,123,99
2024/8/6,DEATH VALLEY,124,99
2024/8/7,DEATH VALLEY,119,97
2024/8/8,DEATH VALLEY,119,100
2024/8/9,DEATH VALLEY,120,100
2024/8/10,DEATH VALLEY,122,101
2024/8/11,DEATH VALLEY,119,100
2024/8/12,DEATH VALLEY,117,96
2024/8/13,DEATH VALLEY,117,93
2024/8/14,DEATH VALLEY,111,88
2024/8/15,DEATH VALLEY,111,90
2024/8/16,DEATH VALLEY,116,89
2024/8/17,DEATH VALLEY,114,95
2024/8/18,DEATH VALLEY,114,90
2024/8/19,DEATH VALLEY,116,90
2024/8/20,DEATH VALLEY,120,86
2024/8/21,DEATH VALLEY,116,90
2024/8/22,DEATH VALLEY,110,88
2024/8/23,DEATH VALLEY,104,84
2024/8/24,DEATH VALLEY,103,82
2024/8/25,DEATH VALLEY,100,77
2024/8/26,DEATH VALLEY,107,79
2024/8/27,DEATH VALLEY,111,78
2024/8/28,DEATH VALLEY,114,83
2024/8/29,DEATH VALLEY,114,85
2024/8/30,DEATH VALLEY,116,83
2024/8/31,DEATH VALLEY,118,88
2024/9/1,DEATH VALLEY,116,87
2024/9/2,DEATH VALLEY,117,92
2024/9/3,DEATH VALLEY,116,91
2024/9/4,DEATH VALLEY,117,90
2024/9/5,DEATH VALLEY,119,91
2024/9/6,DEATH VALLEY,119,87
2024/9/7,DEATH VALLEY,118,90
2024/9/8,DEATH VALLEY,116,99
2024/9/9,DEATH VALLEY,117,92
2024/9/10,DEATH VALLEY,115,87
2024/9/11,DEATH VALLEY,110,88
2024/9/12,DEATH VALLEY,103,81
2024/9/13,DEATH VALLEY,105,82
2024/9/14,DEATH VALLEY,107,78
2024/9/15,DEATH VALLEY,106,88
2024/9/16,DEATH VALLEY,91,79
2024/9/17,DEATH VALLEY,93,70
2024/9/18,DEATH VALLEY,96,73
2024/9/19,DEATH VALLEY,98,76
2024/9/20,DEATH VALLEY,95,75
2024/9/21,DEATH VALLEY,99,70
2024/9/22,DEATH VALLEY,106,74
2024/9/23,DEATH VALLEY,110,76
2024/9/24,DEATH VALLEY,111,76
2024/9/25,DEATH VALLEY,109,77
2024/9/26,DEATH VALLEY,110,77
2024/9/27,DEATH VALLEY,112,76
2024/9/28,DEATH VALLEY,111,77
2024/9/29,DEATH VALLEY,109,75
2024/9/30,DEATH VALLEY,111,76
2024/10/1,DEATH VALLEY,114,80
2024/10/2,DEATH VALLEY,113,80
2024/10/3,DEATH VALLEY,112,77
2024/10/4,DEATH VALLEY,112,77
2024/10/5,DEATH VALLEY,113,85
2024/10/6,DEATH VALLEY,110,79
2024/10/7,DEATH VALLEY,109,78
2024/10/8,DEATH VALLEY,109,82
2024/10/9,DEATH VALLEY,106,78
2024/10/10,DEATH VALLEY,106,75
2024/10/11,DEATH VALLEY,101,73
2024/10/12,DEATH VALLEY,101,68
2024/10/13,DEATH VALLEY,99,69
2024/10/14,DEATH VALLEY,100,68
2024/10/15,DEATH VALLEY,101,67
2024/10/16,DEATH VALLEY,100,69
2024/10/17,DEATH VALLEY,94,74
2024/10/18,DEATH VALLEY,80,64
2024/10/19,DEATH VALLEY,90,69
2024/10/20,DEATH VALLEY,90,61
2024/10/21,DEATH VALLEY,92,60
2024/10/22,DEATH VALLEY,93,61
2024/10/23,DEATH VALLEY,94,62
2024/10/24,DEATH VALLEY,93,62
2024/10/25,DEATH VALLEY,94,62
2024/10/26,DEATH VALLEY,94,61
2024/10/27,DEATH VALLEY,86,64
2024/10/28,DEATH VALLEY,90,62
2024/10/29,DEATH VALLEY,79,55
2024/10/30,DEATH VALLEY,76,57
2024/10/31,DEATH VALLEY,76,51
2024/11/1,DEATH VALLEY,76,49
2024/11/2,DEATH VALLEY,81,56
2024/11/3,DEATH VALLEY,80,59
2024/11/4,DEATH VALLEY,81,58
2024/11/5,DEATH VALLEY,75,49
2024/11/6,DEATH VALLEY,73,56
2024/11/7,DEATH VALLEY,78,53
2024/11/8,DEATH VALLEY,73,47
2024/11/9,DEATH VALLEY,74,46
2024/11/10,DEATH VALLEY,77,46
2024/11/11,DEATH VALLEY,77,46
2024/11/12,DEATH VALLEY,77,57
2024/11/13,DEATH VALLEY,75,47
2024/11/14,DEATH VALLEY,73,45
2024/11/15,DEATH VALLEY,75,47
2024/11/16,DEATH VALLEY,72,56
2024/11/17,DEATH VALLEY,71,51
2024/11/18,DEATH VALLEY,70,42
2024/11/19,DEATH VALLEY,71,50
2024/11/20,DEATH VALLEY,68,41
2024/11/21,DEATH VALLEY,69,40
2024/11/22,DEATH VALLEY,68,41
2024/11/23,DEATH VALLEY,81,44
2024/11/24,DEATH VALLEY,75,54
2024/11/25,DEATH VALLEY,68,48
2024/11/26,DEATH VALLEY,76,57
2024/11/27,DEATH VALLEY,71,59
2024/11/28,DEATH VALLEY,70,50
2024/11/29,DEATH VALLEY,69,44
2024/11/30,DEATH VALLEY,68,45
2024/12/1,DEATH VALLEY,67,46
2024/12/2,DEATH VALLEY,72,42
2024/12/3,DEATH VALLEY,73,42
2024/12/4,DEATH VALLEY,72,43
2024/12/5,DEATH VALLEY,73,41
2024/12/6,DEATH VALLEY,74,42
2024/12/7,DEATH VALLEY,75,43
2024/12/8,DEATH VALLEY,68,43
2024/12/9,DEATH VALLEY,74,39
2024/12/10,DEATH VALLEY,67,46
2024/12/11,DEATH VALLEY,58,37
2024/12/12,DEATH VALLEY,56,33
2024/12/13,DEATH VALLEY,62,33
2024/12/14,DEATH VALLEY,69,41
2024/12/15,DEATH VALLEY,70,45
2024/12/16,DEATH VALLEY,61,41
2024/12/17,DEATH VALLEY,69,38
2024/12/18,DEATH VALLEY,72,43
2024/12/19,DEATH VALLEY,68,44
2024/12/20,DEATH VALLEY,71,40
2024/12/21,DEATH VALLEY,69,41
2024/12/22,DEATH VALLEY,64,49
2024/12/23,DEATH VALLEY,70,43
2024/12/24,DEATH VALLEY,68,43
2024/12/25,DEATH VALLEY,72,50
2024/12/26,DEATH VALLEY,68,47
2024/12/27,DEATH VALLEY,70,41
2024/12/28,DEATH VALLEY,66,44
2024/12/29,DEATH VALLEY,66,38
2024/12/30,DEATH VALLEY,74,40
2024/12/31,DEATH VALLEY,72,45
2024/1/1,HOUSTON,65,50
2024/1/2,HOUSTON,55,44
2024/1/3,HOUSTON,59,46
2024/1/4,HOUSTON,62,42
2024/1/5,HOUSTON,63,46
2024/1/6,HOUSTON,65,41
2024/1/7,HOUSTON,62,43
2024/1/8,HOUSTON,74,52
2024/1/9,HOUSTON,57,40
2024/1/10,HOUSTON,69,38
2024/1/11,HOUSTON,78,53
2024/1/12,HOUSTON,72,42
2024/1/13,HOUSTON,64,35
2024/1/14,HOUSTON,54,37
2024/1/15,HOUSTON,37,26
2024/1/16,HOUSTON,34,20
2024/1/17,HOUSTON,44,24
2024/1/18,HOUSTON,64,43
2024/1/19,HOUSTON,58,39
2024/1/20,HOUSTON,49,32
2024/1/21,HOUSTON,44,37
2024/1/22,HOUSTON,65,44
2024/1/23,HOUSTON,72,61
2024/1/24,HOUSTON,69,62
2024/1/25,HOUSTON,74,56
2024/1/26,HOUSTON,65,54
2024/1/27,HOUSTON,61,47
2024/1/28,HOUSTON,64,43
2024/1/29,HOUSTON,69,42
2024/1/30,HOUSTON,73,47
2024/1/31,HOUSTON,76,50
2024/2/1,HOUSTON,71,52
2024/2/2,HOUSTON,74,55
2024/2/3,HOUSTON,71,54
2024/2/4,HOUSTON,71,53
2024/2/5,HOUSTON,67,55
2024/2/6,HOUSTON,73,47
2024/2/7,HOUSTON,70,46
2024/2/8,HOUSTON,75,63
2024/2/9,HOUSTON,79,64
2024/2/10,HOUSTON,76,67
2024/2/11,HOUSTON,80,53
2024/2/12,HOUSTON,62,45
2024/2/13,HOUSTON,68,42
2024/2/14,HOUSTON,67,45
2024/2/15,HOUSTON,74,58
2024/2/16,HOUSTON,68,62
2024/2/17,HOUSTON,63,42
2024/2/18,HOUSTON,58,37
2024/2/19,HOUSTON,65,39
2024/2/20,HOUSTON,78,47
2024/2/21,HOUSTON,78,54
2024/2/22,HOUSTON,78,64
2024/2/23,HOUSTON,79,58
2024/2/24,HOUSTON,81,49
2024/2/25,HOUSTON,81,53
2024/2/26,HOUSTON,80,65
2024/2/27,HOUSTON,86,68
2024/2/28,HOUSTON,73,53
2024/2/29,HOUSTON,61,52
2024/3/1,HOUSTON,73,53
2024/3/2,HOUSTON,73,55
2024/3/3,HOUSTON,78,63
2024/3/4,HOUSTON,83,67
2024/3/5,HOUSTON,89,67
2024/3/6,HOUSTON,81,64
2024/3/7,HOUSTON,81,64
2024/3/8,HOUSTON,85,68
2024/3/9,HOUSTON,69,51
2024/3/10,HOUSTON,70,48
2024/3/11,HOUSTON,72,55
2024/3/12,HOUSTON,78,56
2024/3/13,HOUSTON,80,66
2024/3/14,HOUSTON,82,72
2024/3/15,HOUSTON,84,67
2024/3/16,HOUSTON,73,65
2024/3/17,HOUSTON,76,64
2024/3/18,HOUSTON,72,58
2024/3/19,HOUSTON,65,48
2024/3/20,HOUSTON,72,55
2024/3/21,HOUSTON,69,59
2024/3/22,HOUSTON,79,56
2024/3/23,HOUSTON,79,54
2024/3/24,HOUSTON,73,61
2024/3/25,HOUSTON,79,58
2024/3/26,HOUSTON,73,56
2024/3/27,HOUSTON,69,50
2024/3/28,HOUSTON,77,49
2024/3/29,HOUSTON,78,57
2024/3/30,HOUSTON,78,61
2024/3/31,HOUSTON,82,68
2024/4/1,HOUSTON,82,74
2024/4/2,HOUSTON,86,61
2024/4/3,HOUSTON,78,54
2024/4/4,HOUSTON,84,55
2024/4/5,HOUSTON,87,57
2024/4/6,HOUSTON,79,64
2024/4/7,HOUSTON,86,71
2024/4/8,HOUSTON,80,73
2024/4/9,HOUSTON,80,73
2024/4/10,HOUSTON,77,63
2024/4/11,HOUSTON,83,58
2024/4/12,HOUSTON,82,56
2024/4/13,HOUSTON,82,58
2024/4/14,HOUSTON,83,65
2024/4/15,HOUSTON,81,69
2024/4/16,HOUSTON,83,73
2024/4/17,HOUSTON,83,74
2024/4/18,HOUSTON,86,75
2024/4/19,HOUSTON,85,74
2024/4/20,HOUSTON,85,62
2024/4/21,HOUSTON,73,56
2024/4/22,HOUSTON,72,53
2024/4/23,HOUSTON,77,56
2024/4/24,HOUSTON,85,69
2024/4/25,HOUSTON,83,68
2024/4/26,HOUSTON,82,73
2024/4/27,HOUSTON,83,76
2024/4/28,HOUSTON,85,75
2024/4/29,HOUSTON,82,68
2024/4/30,HOUSTON,86,66
2024/5/1,HOUSTON,85,71
2024/5/2,HOUSTON,82,69
2024/5/3,HOUSTON,82,69
2024/5/4,HOUSTON,86,70
2024/5/5,HOUSTON,80,75
2024/5/6,HOUSTON,87,75
2024/5/7,HOUSTON,87,78
2024/5/8,HOUSTON,88,78
2024/5/9,HOUSTON,88,79
2024/5/10,HOUSTON,90,75
2024/5/11,HOUSTON,83,73
2024/5/12,HOUSTON,85,73
2024/5/13,HOUSTON,88,68
2024/5/14,HOUSTON,89,65
2024/5/15,HOUSTON,92,67
2024/5/16,HOUSTON,84,70
2024/5/17,HOUSTON,74,66
2024/5/18,HOUSTON,90,67
2024/5/19,HOUSTON,91,73
2024/5/20,HOUSTON,90,72
2024/5/21,HOUSTON,91,80
2024/5/22,HOUSTON,90,81
2024/5/23,HOUSTON,92,80
2024/5/24,HOUSTON,92,80
2024/5/25,HOUSTON,93,79
2024/5/26,HOUSTON,93,81
2024/5/27,HOUSTON,98,79
2024/5/28,HOUSTON,92,69
2024/5/29,HOUSTON,90,72
2024/5/30,HOUSTON,92,72
2024/5/31,HOUSTON,85,68
2024/6/1,HOUSTON,90,74
2024/6/2,HOUSTON,93,79
2024/6/3,HOUSTON,91,81
2024/6/4,HOUSTON,92,82
2024/6/5,HOUSTON,86,71
2024/6/6,HOUSTON,95,73
2024/6/7,HOUSTON,95,77
2024/6/8,HOUSTON,94,77
2024/6/9,HOUSTON,92,78
2024/6/10,HOUSTON,94,76
2024/6/11,HOUSTON,93,76
2024/6/12,HOUSTON,91,77
2024/6/13,HOUSTON,93,77
2024/6/14,HOUSTON,95,78
2024/6/15,HOUSTON,95,77
2024/6/16,HOUSTON,95,79
2024/6/17,HOUSTON,92,81
2024/6/18,HOUSTON,91,76
2024/6/19,HOUSTON,84,78
2024/6/20,HOUSTON,92,80
2024/6/21,HOUSTON,92,79
2024/6/22,HOUSTON,93,80
2024/6/23,HOUSTON,94,78
2024/6/24,HOUSTON,94,81
2024/6/25,HOUSTON,94,81
2024/6/26,HOUSTON,94,80
2024/6/27,HOUSTON,97,80
2024/6/28,HOUSTON,96,82
2024/6/29,HOUSTON,96,82
2024/6/30,HOUSTON,96,82
2024/7/1,HOUSTON,99,80
2024/7/2,HOUSTON,97,81
2024/7/3,HOUSTON,94,81
2024/7/4,HOUSTON,98,81
2024/7/5,HOUSTON,98,79
2024/7/6,HOUSTON,97,76
2024/7/7,HOUSTON,90,79
2024/7/8,HOUSTON,86,75
2024/7/9,HOUSTON,97,77
2024/7/10,HOUSTON,95,77
2024/7/11,HOUSTON,91,78
2024/7/12,HOUSTON,88,76
2024/7/13,HOUSTON,90,76
2024/7/14,HOUSTON,95,77
2024/7/15,HOUSTON,93,79
2024/7/16,HOUSTON,94,76
2024/7/17,HOUSTON,97,79
2024/7/18,HOUSTON,90,76
2024/7/19,HOUSTON,94,78
2024/7/20,HOUSTON,95,76
2024/7/21,HOUSTON,95,79
2024/7/22,HOUSTON,90,77
2024/7/23,HOUSTON,89,77
2024/7/24,HOUSTON,87,75
2024/7/25,HOUSTON,78,73
2024/7/26,HOUSTON,81,75
2024/7/27,HOUSTON,84,77
2024/7/28,HOUSTON,90,78
2024/7/29,HOUSTON,94,80
2024/7/30,HOUSTON,94,80
2024/7/31,HOUSTON,95,79
2024/8/1,HOUSTON,96,77
2024/8/2,HOUSTON,99,79
2024/8/3,HOUSTON,100,81
2024/8/4,HOUSTON,98,77
2024/8/5,HOUSTON,96,80
2024/8/6,HOUSTON,98,79
2024/8/7,HOUSTON,99,80
2024/8/8,HOUSTON,99,80
2024/8/9,HOUSTON,100,81
2024/8/10,HOUSTON,96,83
2024/8/11,HOUSTON,97,80
2024/8/12,HOUSTON,99,79
2024/8/13,HOUSTON,97,82
2024/8/14,HOUSTON,97,81
2024/8/15,HOUSTON,96,80
2024/8/16,HOUSTON,100,80
2024/8/17,HOUSTON,100,80
2024/8/18,HOUSTON,101,80
2024/8/19,HOUSTON,100,81
2024/8/20,HOUSTON,101,80
2024/8/21,HOUSTON,100,82
2024/8/22,HOUSTON,99,84
2024/8/23,HOUSTON,97,83
2024/8/24,HOUSTON,96,80
2024/8/25,HOUSTON,97,79
2024/8/26,HOUSTON,90,74
2024/8/27,HOUSTON,90,80
2024/8/28,HOUSTON,93,78
2024/8/29,HOUSTON,87,75
2024/8/30,HOUSTON,88,76
2024/8/31,HOUSTON,89,78
2024/9/1,HOUSTON,92,78
2024/9/2,HOUSTON,89,78
2024/9/3,HOUSTON,86,80
2024/9/4,HOUSTON,90,76
2024/9/5,HOUSTON,86,77
2024/9/6,HOUSTON,85,74
2024/9/7,HOUSTON,90,72
2024/9/8,HOUSTON,88,71
2024/9/9,HOUSTON,91,70
2024/9/10,HOUSTON,86,76
2024/9/11,HOUSTON,86,76
2024/9/12,HOUSTON,88,72
2024/9/13,HOUSTON,96,71
2024/9/14,HOUSTON,96,77
2024/9/15,HOUSTON,93,78
2024/9/16,HOUSTON,97,78
2024/9/17,HOUSTON,96,78
2024/9/18,HOUSTON,96,78
2024/9/19,HOUSTON,96,78
2024/9/20,HOUSTON,97,77
2024/9/21,HOUSTON,94,77
2024/9/22,HOUSTON,93,77
2024/9/23,HOUSTON,93,77
2024/9/24,HOUSTON,92,78
2024/9/25,HOUSTON,91,76
2024/9/26,HOUSTON,89,71
2024/9/27,HOUSTON,91,67
2024/9/28,HOUSTON,93,67
2024/9/29,HOUSTON,94,66
2024/9/30,HOUSTON,95,71
2024/10/1,HOUSTON,96,72
2024/10/2,HOUSTON,91,74
2024/10/3,HOUSTON,92,72
2024/10/4,HOUSTON,90,76
2024/10/5,HOUSTON,86,76
2024/10/6,HOUSTON,95,76
2024/10/7,HOUSTON,93,74
2024/10/8,HOUSTON,89,71
2024/10/9,HOUSTON,90,61
2024/10/10,HOUSTON,91,66
2024/10/11,HOUSTON,90,66
2024/10/12,HOUSTON,90,65
2024/10/13,HOUSTON,92,67
2024/10/14,HOUSTON,98,69
2024/10/15,HOUSTON,98,67
2024/10/16,HOUSTON,77,60
2024/10/17,HOUSTON,75,53
2024/10/18,HOUSTON,80,61
2024/10/19,HOUSTON,83,64
2024/10/20,HOUSTON,83,65
2024/10/21,HOUSTON,84,61
2024/10/22,HOUSTON,86,61
2024/10/23,HOUSTON,89,66
2024/10/24,HOUSTON,88,63
2024/10/25,HOUSTON,89,66
2024/10/26,HOUSTON,90,69
2024/10/27,HOUSTON,88,66
2024/10/28,HOUSTON,88,68
2024/10/29,HOUSTON,88,72
2024/10/30,HOUSTON,86,75
2024/10/31,HOUSTON,80,73
2024/11/1,HOUSTON,81,73
2024/11/2,HOUSTON,82,72
2024/11/3,HOUSTON,84,75
2024/11/4,HOUSTON,86,78
2024/11/5,HOUSTON,80,67
2024/11/6,HOUSTON,84,67
2024/11/7,HOUSTON,86,75
2024/11/8,HOUSTON,84,75
2024/11/9,HOUSTON,81,66
2024/11/10,HOUSTON,83,70
2024/11/11,HOUSTON,84,68
2024/11/12,HOUSTON,81,61
2024/11/13,HOUSTON,85,60
2024/11/14,HOUSTON,77,55
2024/11/15,HOUSTON,75,49
2024/11/16,HOUSTON,81,56
2024/11/17,HOUSTON,83,74
2024/11/18,HOUSTON,84,63
2024/11/19,HOUSTON,81,57
2024/11/20,HOUSTON,69,52
2024/11/21,HOUSTON,72,45
2024/11/22,HOUSTON,75,49
2024/11/23,HOUSTON,76,51
2024/11/24,HOUSTON,83,58
2024/11/25,HOUSTON,86,57
2024/11/26,HOUSTON,70,51
2024/11/27,HOUSTON,82,58
2024/11/28,HOUSTON,71,54
2024/11/29,HOUSTON,62,48
2024/11/30,HOUSTON,63,43
2024/12/1,HOUSTON,71,54
2024/12/2,HOUSTON,68,49
2024/12/3,HOUSTON,67,47
2024/12/4,HOUSTON,76,57
2024/12/5,HOUSTON,67,55
2024/12/6,HOUSTON,60,44
2024/12/7,HOUSTON,60,47
2024/12/8,HOUSTON,65,52
2024/12/9,HOUSTON,78,60
2024/12/10,HOUSTON,72,46
2024/12/11,HOUSTON,63,38
2024/12/12,HOUSTON,64,38
2024/12/13,HOUSTON,65,59
2024/12/14,HOUSTON,80,64
2024/12/15,HOUSTON,81,66
2024/12/16,HOUSTON,81,66
2024/12/17,HOUSTON,81,64
2024/12/18,HOUSTON,80,56
2024/12/19,HOUSTON,65,48
2024/12/20,HOUSTON,71,49
2024/12/21,HOUSTON,61,44
2024/12/22,HOUSTON,66,43
2024/12/23,HOUSTON,75,52
2024/12/24,HOUSTON,77,63
2024/12/25,HOUSTON,69,59
2024/12/26,HOUSTON,76,63
2024/12/27,HOUSTON,79,55
2024/12/28,HOUSTON,80,57
2024/12/29,HOUSTON,68,52
2024/12/30,HOUSTON,82,55
2024/12/31,HOUSTON,73,57
2024/1/1,SAN DIEGO,64,48
2024/1/2,SAN DIEGO,64,45
2024/1/3,SAN DIEGO,61,52
2024/1/4,SAN DIEGO,62,45
2024/1/5,SAN DIEGO,65,42
2024/1/6,SAN DIEGO,66,41
2024/1/7,SAN DIEGO,60,47
2024/1/8,SAN DIEGO,60,38
2024/1/9,SAN DIEGO,63,38
2024/1/10,SAN DIEGO,62,43
2024/1/11,SAN DIEGO,64,46
2024/1/12,SAN DIEGO,62,40
2024/1/13,SAN DIEGO,62,41
2024/1/14,SAN DIEGO,62,45
2024/1/15,SAN DIEGO,62,43
2024/1/16,SAN DIEGO,65,49
2024/1/17,SAN DIEGO,61,55
2024/1/18,SAN DIEGO,66,48
2024/1/19,SAN DIEGO,72,50
2024/1/20,SAN DIEGO,62,56
2024/1/21,SAN DIEGO,62,56
2024/1/22,SAN DIEGO,62,58
2024/1/23,SAN DIEGO,63,56
2024/1/24,SAN DIEGO,61,54
2024/1/25,SAN DIEGO,62,54
2024/1/26,SAN DIEGO,66,48
2024/1/27,SAN DIEGO,72,46
2024/1/28,SAN DIEGO,78,47
2024/1/29,SAN DIEGO,75,48
2024/1/30,SAN DIEGO,73,48
2024/1/31,SAN DIEGO,63,50
2024/2/1,SAN DIEGO,61,55
2024/2/2,SAN DIEGO,62,54
2024/2/3,SAN DIEGO,62,49
2024/2/4,SAN DIEGO,64,50
2024/2/5,SAN DIEGO,64,54
2024/2/6,SAN DIEGO,60,54
2024/2/7,SAN DIEGO,61,50
2024/2/8,SAN DIEGO,60,51
2024/2/9,SAN DIEGO,60,50
2024/2/10,SAN DIEGO,62,47
2024/2/11,SAN DIEGO,65,42
2024/2/12,SAN DIEGO,64,42
2024/2/13,SAN DIEGO,63,44
2024/2/14,SAN DIEGO,63,47
2024/2/15,SAN DIEGO,64,49
2024/2/16,SAN DIEGO,64,56
2024/2/17,SAN DIEGO,62,52
2024/2/18,SAN DIEGO,65,50
2024/2/19,SAN DIEGO,66,55
2024/2/20,SAN DIEGO,64,58
2024/2/21,SAN DIEGO,65,54
2024/2/22,SAN DIEGO,64,50
2024/2/23,SAN DIEGO,74,51
2024/2/24,SAN DIEGO,75,55
2024/2/25,SAN DIEGO,65,53
2024/2/26,SAN DIEGO,63,56
2024/2/27,SAN DIEGO,67,56
2024/2/28,SAN DIEGO,65,54
2024/2/29,SAN DIEGO,66,59
2024/3/1,SAN DIEGO,66,53
2024/3/2,SAN DIEGO,64,57
2024/3/3,SAN DIEGO,64,56
2024/3/4,SAN DIEGO,64,54
2024/3/5,SAN DIEGO,64,55
2024/3/6,SAN DIEGO,65,52
2024/3/7,SAN DIEGO,63,53
2024/3/8,SAN DIEGO,66,52
2024/3/9,SAN DIEGO,69,50
2024/3/10,SAN DIEGO,66,51
2024/3/11,SAN DIEGO,64,53
2024/3/12,SAN DIEGO,65,55
2024/3/13,SAN DIEGO,66,56
2024/3/14,SAN DIEGO,68,53
2024/3/15,SAN DIEGO,64,52
2024/3/16,SAN DIEGO,68,52
2024/3/17,SAN DIEGO,66,51
2024/3/18,SAN DIEGO,76,51
2024/3/19,SAN DIEGO,70,52
2024/3/20,SAN DIEGO,66,54
2024/3/21,SAN DIEGO,69,57
2024/3/22,SAN DIEGO,67,56
2024/3/23,SAN DIEGO,65,57
2024/3/24,SAN DIEGO,64,54
2024/3/25,SAN DIEGO,64,50
2024/3/26,SAN DIEGO,65,54
2024/3/27,SAN DIEGO,67,50
2024/3/28,SAN DIEGO,65,55
2024/3/29,SAN DIEGO,64,52
2024/3/30,SAN DIEGO,60,52
2024/3/31,SAN DIEGO,65,52
2024/4/1,SAN DIEGO,65,53
2024/4/2,SAN DIEGO,69,50
2024/4/3,SAN DIEGO,70,52
2024/4/4,SAN DIEGO,66,53
2024/4/5,SAN DIEGO,60,52
2024/4/6,SAN DIEGO,63,48
2024/4/7,SAN DIEGO,65,47
2024/4/8,SAN DIEGO,64,52
2024/4/9,SAN DIEGO,73,49
2024/4/10,SAN DIEGO,74,51
2024/4/11,SAN DIEGO,66,56
2024/4/12,SAN DIEGO,63,56
2024/4/13,SAN DIEGO,67,54
2024/4/14,SAN DIEGO,65,49
2024/4/15,SAN DIEGO,67,55
2024/4/16,SAN DIEGO,70,52
2024/4/17,SAN DIEGO,69,52
2024/4/18,SAN DIEGO,72,58
2024/4/19,SAN DIEGO,67,60
2024/4/20,SAN DIEGO,68,60
2024/4/21,SAN DIEGO,68,60
2024/4/22,SAN DIEGO,63,58
2024/4/23,SAN DIEGO,66,59
2024/4/24,SAN DIEGO,67,59
2024/4/25,SAN DIEGO,67,58
2024/4/26,SAN DIEGO,66,57
2024/4/27,SAN DIEGO,68,57
2024/4/28,SAN DIEGO,69,55
2024/4/29,SAN DIEGO,69,57
2024/4/30,SAN DIEGO,67,60
2024/5/1,SAN DIEGO,69,61
2024/5/2,SAN DIEGO,68,61
2024/5/3,SAN DIEGO,69,61
2024/5/4,SAN DIEGO,67,60
2024/5/5,SAN DIEGO,65,56
2024/5/6,SAN DIEGO,69,50
2024/5/7,SAN DIEGO,68,54
2024/5/8,SAN DIEGO,67,59
2024/5/9,SAN DIEGO,69,60
2024/5/10,SAN DIEGO,67,57
2024/5/11,SAN DIEGO,67,60
2024/5/12,SAN DIEGO,69,59
2024/5/13,SAN DIEGO,67,58
2024/5/14,SAN DIEGO,67,59
2024/5/15,SAN DIEGO,63,60
2024/5/16,SAN DIEGO,69,60
2024/5/17,SAN DIEGO,67,59
2024/5/18,SAN DIEGO,70,61
2024/5/19,SAN DIEGO,68,59
2024/5/20,SAN DIEGO,67,61
2024/5/21,SAN DIEGO,68,59
2024/5/22,SAN DIEGO,68,61
2024/5/23,SAN DIEGO,67,60
2024/5/24,SAN DIEGO,68,61
2024/5/25,SAN DIEGO,65,57
2024/5/26,SAN DIEGO,67,58
2024/5/27,SAN DIEGO,68,59
2024/5/28,SAN DIEGO,68,59
2024/5/29,SAN DIEGO,66,59
2024/5/30,SAN DIEGO,67,60
2024/5/31,SAN DIEGO,69,60
2024/6/1,SAN DIEGO,69,59
2024/6/2,SAN DIEGO,66,61
2024/6/3,SAN DIEGO,68,60
2024/6/4,SAN DIEGO,68,62
2024/6/5,SAN DIEGO,68,62
2024/6/6,SAN DIEGO,68,62
2024/6/7,SAN DIEGO,66,60
2024/6/8,SAN DIEGO,68,61
2024/6/9,SAN DIEGO,67,61
2024/6/10,SAN DIEGO,70,62
2024/6/11,SAN DIEGO,66,63
2024/6/12,SAN DIEGO,72,62
2024/6/13,SAN DIEGO,71,62
2024/6/14,SAN DIEGO,72,62
2024/6/15,SAN DIEGO,74,61
2024/6/16,SAN DIEGO,69,62
2024/6/17,SAN DIEGO,69,61
2024/6/18,SAN DIEGO,69,62
2024/6/19,SAN DIEGO,70,63
2024/6/20,SAN DIEGO,72,63
2024/6/21,SAN DIEGO,73,64
2024/6/22,SAN DIEGO,74,64
2024/6/23,SAN DIEGO,84,67
2024/6/24,SAN DIEGO,81,69
2024/6/25,SAN DIEGO,78,68
2024/6/26,SAN DIEGO,75,67
2024/6/27,SAN DIEGO,73,67
2024/6/28,SAN DIEGO,71,63
2024/6/29,SAN DIEGO,75,64
2024/6/30,SAN DIEGO,76,65
2024/7/1,SAN DIEGO,72,65
2024/7/2,SAN DIEGO,74,65
2024/7/3,SAN DIEGO,77,65
2024/7/4,SAN DIEGO,77,67
2024/7/5,SAN DIEGO,77,66
2024/7/6,SAN DIEGO,76,65
2024/7/7,SAN DIEGO,76,66
2024/7/8,SAN DIEGO,77,67
2024/7/9,SAN DIEGO,76,67
2024/7/10,SAN DIEGO,75,67
2024/7/11,SAN DIEGO,76,66
2024/7/12,SAN DIEGO,77,66
2024/7/13,SAN DIEGO,75,66
2024/7/14,SAN DIEGO,77,68
2024/7/15,SAN DIEGO,76,68
2024/7/16,SAN DIEGO,76,68
2024/7/17,SAN DIEGO,77,68
2024/7/18,SAN DIEGO,77,67
2024/7/19,SAN DIEGO,78,68
2024/7/20,SAN DIEGO,78,67
2024/7/21,SAN DIEGO,75,68
2024/7/22,SAN DIEGO,78,68
2024/7/23,SAN DIEGO,79,70
2024/7/24,SAN DIEGO,80,71
2024/7/25,SAN DIEGO,80,71
2024/7/26,SAN DIEGO,80,69
2024/7/27,SAN DIEGO,77,67
2024/7/28,SAN DIEGO,77,66
2024/7/29,SAN DIEGO,76,65
2024/7/30,SAN DIEGO,76,66
2024/7/31,SAN DIEGO,76,65
2024/8/1,SAN DIEGO,76,67
2024/8/2,SAN DIEGO,83,68
2024/8/3,SAN DIEGO,79,69
2024/8/4,SAN DIEGO,79,69
2024/8/5,SAN DIEGO,79,69
2024/8/6,SAN DIEGO,85,69
2024/8/7,SAN DIEGO,76,68
2024/8/8,SAN DIEGO,78,67
2024/8/9,SAN DIEGO,77,70
2024/8/10,SAN DIEGO,78,69
2024/8/11,SAN DIEGO,79,70
2024/8/12,SAN DIEGO,83,72
2024/8/13,SAN DIEGO,81,71
2024/8/14,SAN DIEGO,79,69
2024/8/15,SAN DIEGO,80,68
2024/8/16,SAN DIEGO,76,69
2024/8/17,SAN DIEGO,76,68
2024/8/18,SAN DIEGO,79,68
2024/8/19,SAN DIEGO,81,69
2024/8/20,SAN DIEGO,84,68
2024/8/21,SAN DIEGO,83,70
2024/8/22,SAN DIEGO,79,69
2024/8/23,SAN DIEGO,77,69
2024/8/24,SAN DIEGO,77,67
2024/8/25,SAN DIEGO,79,63
2024/8/26,SAN DIEGO,81,64
2024/8/27,SAN DIEGO,76,68
2024/8/28,SAN DIEGO,77,68
2024/8/29,SAN DIEGO,77,68
2024/8/30,SAN DIEGO,78,67
2024/8/31,SAN DIEGO,76,66
2024/9/1,SAN DIEGO,75,69
2024/9/2,SAN DIEGO,78,68
2024/9/3,SAN DIEGO,81,67
2024/9/4,SAN DIEGO,82,69
2024/9/5,SAN DIEGO,89,70
2024/9/6,SAN DIEGO,86,71
2024/9/7,SAN DIEGO,90,72
2024/9/8,SAN DIEGO,94,75
2024/9/9,SAN DIEGO,93,73
2024/9/10,SAN DIEGO,83,71
2024/9/11,SAN DIEGO,74,67
2024/9/12,SAN DIEGO,75,67
2024/9/13,SAN DIEGO,75,68
2024/9/14,SAN DIEGO,76,69
2024/9/15,SAN DIEGO,72,68
2024/9/16,SAN DIEGO,74,66
2024/9/17,SAN DIEGO,73,61
2024/9/18,SAN DIEGO,73,62
2024/9/19,SAN DIEGO,74,66
2024/9/20,SAN DIEGO,74,64
2024/9/21,SAN DIEGO,74,61
2024/9/22,SAN DIEGO,75,67
2024/9/23,SAN DIEGO,74,67
2024/9/24,SAN DIEGO,74,67
2024/9/25,SAN DIEGO,72,66
2024/9/26,SAN DIEGO,73,65
2024/9/27,SAN DIEGO,72,64
2024/9/28,SAN DIEGO,71,63
2024/9/29,SAN DIEGO,72,62
2024/9/30,SAN DIEGO,73,61
2024/10/1,SAN DIEGO,73,64
2024/10/2,SAN DIEGO,73,62
2024/10/3,SAN DIEGO,72,63
2024/10/4,SAN DIEGO,72,66
2024/10/5,SAN DIEGO,73,65
2024/10/6,SAN DIEGO,72,64
2024/10/7,SAN DIEGO,74,62
2024/10/8,SAN DIEGO,71,60
2024/10/9,SAN DIEGO,72,63
2024/10/10,SAN DIEGO,74,63
2024/10/11,SAN DIEGO,73,60
2024/10/12,SAN DIEGO,75,60
2024/10/13,SAN DIEGO,72,61
2024/10/14,SAN DIEGO,72,63
2024/10/15,SAN DIEGO,70,66
2024/10/16,SAN DIEGO,68,65
2024/10/17,SAN DIEGO,75,65
2024/10/18,SAN DIEGO,72,59
2024/10/19,SAN DIEGO,78,55
2024/10/20,SAN DIEGO,80,55
2024/10/21,SAN DIEGO,78,56
2024/10/22,SAN DIEGO,76,56
2024/10/23,SAN DIEGO,79,57
2024/10/24,SAN DIEGO,75,54
2024/10/25,SAN DIEGO,72,60
2024/10/26,SAN DIEGO,74,55
2024/10/27,SAN DIEGO,77,58
2024/10/28,SAN DIEGO,71,63
2024/10/29,SAN DIEGO,68,58
2024/10/30,SAN DIEGO,72,53
2024/10/31,SAN DIEGO,71,51
2024/11/1,SAN DIEGO,70,51
2024/11/2,SAN DIEGO,69,56
2024/11/3,SAN DIEGO,69,55
2024/11/4,SAN DIEGO,76,51
2024/11/5,SAN DIEGO,76,50
2024/11/6,SAN DIEGO,79,51
2024/11/7,SAN DIEGO,75,46
2024/11/8,SAN DIEGO,74,47
2024/11/9,SAN DIEGO,75,46
2024/11/10,SAN DIEGO,76,48
2024/11/11,SAN DIEGO,71,47
2024/11/12,SAN DIEGO,69,54
2024/11/13,SAN DIEGO,78,48
2024/11/14,SAN DIEGO,73,46
2024/11/15,SAN DIEGO,66,58
2024/11/16,SAN DIEGO,64,50
2024/11/17,SAN DIEGO,67,43
2024/11/18,SAN DIEGO,66,51
2024/11/19,SAN DIEGO,67,50
2024/11/20,SAN DIEGO,73,45
2024/11/21,SAN DIEGO,70,46
2024/11/22,SAN DIEGO,69,44
2024/11/23,SAN DIEGO,66,49
2024/11/24,SAN DIEGO,66,55
2024/11/25,SAN DIEGO,73,51
2024/11/26,SAN DIEGO,69,51
2024/11/27,SAN DIEGO,69,58
2024/11/28,SAN DIEGO,68,55
2024/11/29,SAN DIEGO,72,52
2024/11/30,SAN DIEGO,77,48
2024/12/1,SAN DIEGO,72,53
2024/12/2,SAN DIEGO,70,48
2024/12/3,SAN DIEGO,67,48
2024/12/4,SAN DIEGO,64,53
2024/12/5,SAN DIEGO,63,54
2024/12/6,SAN DIEGO,66,49
2024/12/7,SAN DIEGO,79,46
2024/12/8,SAN DIEGO,62,46
2024/12/9,SAN DIEGO,64,50
2024/12/10,SAN DIEGO,73,42
2024/12/11,SAN DIEGO,71,43
2024/12/12,SAN DIEGO,64,45
2024/12/13,SAN DIEGO,64,51
2024/12/14,SAN DIEGO,69,50
2024/12/15,SAN DIEGO,65,50
2024/12/16,SAN DIEGO,68,46
2024/12/17,SAN DIEGO,69,45
2024/12/18,SAN DIEGO,70,47
2024/12/19,SAN DIEGO,72,48
2024/12/20,SAN DIEGO,65,46
2024/12/21,SAN DIEGO,66,49
2024/12/22,SAN DIEGO,67,47
2024/12/23,SAN DIEGO,65,55
2024/12/24,SAN DIEGO,61,54
2024/12/25,SAN DIEGO,65,53
2024/12/26,SAN DIEGO,66,48
2024/12/27,SAN DIEGO,63,47
2024/12/28,SAN DIEGO,63,50
2024/12/29,SAN DIEGO,63,50
2024/12/30,SAN DIEGO,63,52
2024/12/31,SAN DIEGO,61,53